[
  {
    "id": 1730422810245,
    "name": "Camiseta",
    "category": "Roupas",
    "quantity": 50,
    "price": 30
  },
  {
    "id": 1730422876955,
    "name": "Calça Jeans",
    "category": "Roupas",
    "quantity": 50,
    "price": 80
  },
  {
    "id": 1730422889584,
    "name": "Bota de Salto 15",
    "category": "Calçados",
    "quantity": 20,
    "price": 120
  },
  {
    "id": 1730422876955,
    "name": "Calça Cargo",
    "category": "Roupas",
    "quantity": 50,
    "price": 1200
  },
  {
    "id": 1730422876955,
    "name": "Mesa",
    "category": "Móveis",
    "quantity": 50,
    "price": 1200
  },
  {
    "id": 1730422876955,
    "name": "Cadeira",
    "category": "Móveis",
    "quantity": 50,
    "price": 12
  },
  {
    "id": 1002589756,
    "name": "Fini",
    "category": "Doce",
    "quantity": 50,
    "price": 12
  }
]